24113,24114,24115,24116,25873,25874,25874,25874,25874,25874,25874,25874,25874,25874,25874,25874,25874,25874,25874,25874,25874,25874,25874,25874,25874,25874,25874,25874,25874,25874
24289,24290,24291,24292,25874,25874,25874,25874,25874,25874,25874,25874,25874,25874,25874,25874,25874,25874,25874,25874,25874,25874,25874,25874,25874,25874,25874,25874,25874,25874
24465,24466,24467,24468,25873,25874,25874,25874,25874,25874,25874,25874,25874,25874,25874,25874,25874,25874,25874,25874,25874,25874,25874,25874,25874,25874,25874,25874,25874,25874
25874,25874,25874,25874,25874,25874,25874,25874,25874,25874,25874,25874,25874,25874,25874,25874,25874,25874,25874,25874,25874,25874,25874,25874,25874,25874,25874,25874,25874,25874
25874,25874,25874,25874,25873,25874,25874,25874,25874,25874,25874,25874,25874,25874,25874,25874,25874,25874,25874,25874,25874,25874,25874,25874,25874,25874,25874,25874,25874,25874
25874,25874,25874,25874,25874,25874,25874,25874,25874,25874,25874,25874,25874,25874,25874,25874,25874,25874,25874,25874,25874,25874,25874,25874,25874,25874,25874,25874,25874,25874
25874,25874,25874,25874,25873,25874,25874,25874,25874,25874,25874,25874,25874,25874,25874,25874,25874,25874,25874,25874,25874,25874,25874,25874,25874,25874,25874,25874,25874,25874
25874,25874,25874,25874,25874,25874,25874,25874,25874,25874,25874,25874,25874,25874,25874,25874,25874,25874,25874,25874,25874,25874,25874,25874,25874,25874,25874,25874,25874,25874
25874,25874,25874,25874,25873,25874,25874,25874,25874,25874,25874,25874,25874,25874,25874,25874,25874,25874,25874,25874,25874,25874,25874,25874,25874,25874,25874,25874,25874,25874
25874,25874,25874,25874,25874,25874,25874,25874,25874,25874,25874,916,917,25874,25874,25874,25874,25874,25874,25874,25874,25874,25874,25874,25874,25874,25874,25874,25874,25874
25874,25874,25874,25874,25873,25874,25874,25874,25874,25874,25874,25874,25874,25874,25874,25874,25874,25874,25874,25874,25874,25874,25874,25874,25874,25874,25874,25874,25874,25874
25874,25874,25874,25874,25874,25874,25874,25874,25874,25874,25874,25874,25874,25874,25874,25874,25874,25874,25874,25874,25874,25874,25874,25874,25874,25874,25874,25874,25874,25874
25874,25874,25874,25874,25873,25874,25874,25874,25874,21676,21852,21676,21852,21676,21852,21676,21852,21676,21852,21676,21852,21676,21852,21676,21852,21676,21852,21676,21852,21676
25874,25874,25874,25874,25874,25874,25874,25874,25874,25874,25874,25874,25874,25874,25874,25874,25874,25874,25874,25874,25874,25874,25874,25874,25874,25874,25874,25874,25874,25874
25874,25874,25874,25874,25873,25874,25874,25874,25874,25874,25874,25874,25874,25874,25874,25874,24113,24114,24115,24116,25874,25874,25874,25874,25874,25874,25874,25874,25874,25874
25874,25874,25874,25874,25874,25874,25874,25874,25874,25874,25874,25874,25874,25874,25874,25874,24289,24290,24291,24292,25874,25874,25874,25874,25874,25874,25874,25874,25874,25874
25874,25874,25874,25874,25873,25874,25874,25874,25874,25874,25874,25874,25874,25874,25874,25874,24465,24466,24467,24468,25874,25874,25874,25874,25874,25874,25874,25874,25874,25874
25874,25874,25874,25874,25874,25874,25874,25874,25874,25874,25874,25874,25874,25874,25874,25874,25874,25874,25874,25874,25874,25874,25874,25874,25874,25874,25874,25874,25874,25874
25874,25874,25874,25874,25873,25874,25874,25874,25874,25874,25874,25874,25874,25874,25874,25874,25874,25874,25874,25874,25874,25874,25874,25874,25874,25874,25874,25874,25874,25874
25874,25874,25874,25874,25874,25874,25874,25874,25874,25874,25874,25874,25874,25874,25874,25874,25874,25874,25874,25874,25874,25874,25874,25874,25874,25874,25874,25874,25874,25874
25874,25874,25874,25874,25873,25874,25874,25874,25874,25874,25874,25874,25874,25874,25874,25874,25874,25874,25874,25874,25874,25874,25874,25874,25874,25874,25874,25874,25874,25874
25874,25874,25874,25874,21852,25874,25874,25874,25874,25874,25874,25874,25874,25874,25874,25874,25874,25874,25874,25874,25874,25874,25874,25874,25874,25874,25874,25874,25874,25874
25874,25874,24113,24114,21851,24116,25874,25874,25874,25874,25874,25874,25874,25874,25874,25874,25874,25874,25874,25874,25874,25874,25874,25874,25874,25874,25874,25874,25874,25874
25874,25874,24289,24290,24291,24292,25874,25874,25874,25874,25874,25874,25874,25874,25874,25874,25874,25874,25874,25874,25874,25874,25874,25874,25874,25874,25874,25874,25874,25874
25874,25874,24465,24466,25873,25168,25874,25874,25874,25874,25874,25874,25874,25874,25874,25874,25874,25874,25874,25874,25874,25874,25874,25874,25874,25874,25874,25874,25874,25874
25874,25874,25874,25874,25874,25874,25874,25874,25874,25874,25874,25874,25874,25874,25874,25874,25874,25874,25874,25874,25874,25874,25874,25874,25874,25874,25874,25874,25874,25874
25874,25874,25874,25874,25873,25874,25874,25874,25874,25874,25874,25874,25874,25874,25874,25874,25874,25874,25874,25874,25874,25874,25874,25874,25874,25874,25874,25874,25874,25874
25874,25874,25874,25874,25874,25874,25874,25874,25874,25874,25874,25874,25874,25874,25874,25874,25874,25874,25874,25874,25874,25874,25874,25874,25874,25874,25874,25874,25874,25874
25874,25874,25874,25874,25873,25874,25874,25874,25874,25874,25874,25874,25874,25874,25874,25874,25874,25874,25874,25874,25874,25874,25874,25874,25874,25874,25874,25874,25874,25874
25874,25874,25874,25874,25874,25874,25874,25874,25874,25874,25874,25874,25874,25874,25874,25874,25874,25874,25874,25874,25874,25874,25874,25874,25874,25874,25874,25874,25874,25874
